,DISTRICT_NAME,MONTH,USER_ENGAGEMENT,FAMILY_ENGAGEMENT,USER_COUNT,PRACTICE
0,TOLEDO BLADE ELEMENTARY SCHOOL,1,0.0,0.0,178,2010.0
1,TOLEDO BLADE ELEMENTARY SCHOOL,2,0.0,0.0,178,2010.0
2,TOLEDO BLADE ELEMENTARY SCHOOL,4,126.0,70.0,178,2010.0
3,TOLEDO BLADE ELEMENTARY SCHOOL,5,128.0,69.0,178,2010.0
4,TOLEDO BLADE ELEMENTARY SCHOOL,6,128.0,69.0,178,2010.0
5,TOLEDO BLADE ELEMENTARY SCHOOL,7,0.0,69.0,178,2010.0
6,TOLEDO BLADE ELEMENTARY SCHOOL,8,128.0,69.0,178,2010.0
7,TOLEDO BLADE ELEMENTARY SCHOOL,9,128.0,69.0,178,2010.0
8,TOLEDO BLADE ELEMENTARY SCHOOL,10,128.0,69.0,178,2010.0
9,TOLEDO BLADE ELEMENTARY SCHOOL,11,128.0,69.0,178,2010.0
10,TOLEDO BLADE ELEMENTARY SCHOOL,12,128.0,69.0,178,2010.0
11,GOCIO ELEMENTARY SCHOOL,1,0.0,0.0,99,1280.0
12,GOCIO ELEMENTARY SCHOOL,2,0.0,0.0,99,1280.0
13,GOCIO ELEMENTARY SCHOOL,3,38.0,33.0,99,1280.0
14,GOCIO ELEMENTARY SCHOOL,4,70.0,54.0,99,1280.0
15,GOCIO ELEMENTARY SCHOOL,5,71.0,54.0,99,1280.0
16,GOCIO ELEMENTARY SCHOOL,6,71.0,54.0,99,1280.0
17,GOCIO ELEMENTARY SCHOOL,7,71.0,56.0,99,1280.0
18,GOCIO ELEMENTARY SCHOOL,8,64.0,56.0,99,1280.0
19,GOCIO ELEMENTARY SCHOOL,9,64.0,60.0,99,1280.0
20,GOCIO ELEMENTARY SCHOOL,10,66.0,60.0,99,1280.0
21,GOCIO ELEMENTARY SCHOOL,11,66.0,60.0,99,1280.0
22,GOCIO ELEMENTARY SCHOOL,12,66.0,60.0,99,1280.0
23,VENICE HIGH SCHOOL,1,0.0,0.0,16,72.0
24,VENICE HIGH SCHOOL,2,0.0,0.0,16,72.0
25,VENICE HIGH SCHOOL,3,50.0,0.0,16,72.0
26,VENICE HIGH SCHOOL,4,33.0,30.0,16,72.0
27,VENICE HIGH SCHOOL,5,33.0,30.0,16,72.0
28,VENICE HIGH SCHOOL,6,33.0,30.0,16,72.0
29,VENICE HIGH SCHOOL,7,33.0,30.0,16,72.0
30,VENICE HIGH SCHOOL,8,25.0,0.0,16,72.0
31,VENICE HIGH SCHOOL,9,25.0,27.0,16,72.0
32,VENICE HIGH SCHOOL,10,20.0,27.0,16,72.0
33,VENICE HIGH SCHOOL,11,40.0,27.0,16,72.0
34,VENICE HIGH SCHOOL,12,40.0,27.0,16,72.0
35,ASHTON ELEMENTARY SCHOOL,1,0.0,0.0,95,707.0
36,ASHTON ELEMENTARY SCHOOL,2,0.0,0.0,95,707.0
37,ASHTON ELEMENTARY SCHOOL,3,55.0,33.0,95,707.0
38,ASHTON ELEMENTARY SCHOOL,4,65.0,55.0,95,707.0
39,ASHTON ELEMENTARY SCHOOL,5,65.0,54.0,95,707.0
40,ASHTON ELEMENTARY SCHOOL,6,65.0,54.0,95,707.0
41,ASHTON ELEMENTARY SCHOOL,7,65.0,54.0,95,707.0
42,ASHTON ELEMENTARY SCHOOL,8,65.0,56.0,95,707.0
43,ASHTON ELEMENTARY SCHOOL,9,70.0,56.0,95,707.0
44,ASHTON ELEMENTARY SCHOOL,10,68.0,56.0,95,707.0
45,ASHTON ELEMENTARY SCHOOL,11,68.0,56.0,95,707.0
46,ASHTON ELEMENTARY SCHOOL,12,68.0,56.0,95,707.0
47,BROOKSIDE MIDDLE SCHOOL,1,0.0,0.0,13,99.0
48,BROOKSIDE MIDDLE SCHOOL,2,0.0,0.0,13,99.0
49,BROOKSIDE MIDDLE SCHOOL,3,0.0,0.0,13,99.0
50,BROOKSIDE MIDDLE SCHOOL,4,20.0,33.0,13,99.0
51,BROOKSIDE MIDDLE SCHOOL,5,33.0,33.0,13,99.0
52,BROOKSIDE MIDDLE SCHOOL,6,33.0,33.0,13,99.0
53,BROOKSIDE MIDDLE SCHOOL,7,33.0,33.0,13,99.0
54,BROOKSIDE MIDDLE SCHOOL,8,29.0,0.0,13,99.0
55,BROOKSIDE MIDDLE SCHOOL,9,33.0,33.0,13,99.0
56,BROOKSIDE MIDDLE SCHOOL,10,30.0,33.0,13,99.0
57,BROOKSIDE MIDDLE SCHOOL,11,30.0,33.0,13,99.0
58,BROOKSIDE MIDDLE SCHOOL,12,30.0,33.0,13,99.0
59,FRUITVILLE ELEMENTARY SCHOOL,1,0.0,0.0,256,3109.0
60,FRUITVILLE ELEMENTARY SCHOOL,2,0.0,0.0,256,3109.0
61,FRUITVILLE ELEMENTARY SCHOOL,3,19.0,31.0,256,3109.0
62,FRUITVILLE ELEMENTARY SCHOOL,4,52.0,58.0,256,3109.0
63,FRUITVILLE ELEMENTARY SCHOOL,5,52.0,0.0,256,3109.0
64,FRUITVILLE ELEMENTARY SCHOOL,6,52.0,58.0,256,3109.0
65,FRUITVILLE ELEMENTARY SCHOOL,7,52.0,58.0,256,3109.0
66,FRUITVILLE ELEMENTARY SCHOOL,8,52.0,0.0,256,3109.0
67,FRUITVILLE ELEMENTARY SCHOOL,9,52.0,58.0,256,3109.0
68,FRUITVILLE ELEMENTARY SCHOOL,10,54.0,58.0,256,3109.0
69,FRUITVILLE ELEMENTARY SCHOOL,11,54.0,58.0,256,3109.0
70,FRUITVILLE ELEMENTARY SCHOOL,12,54.0,58.0,256,3109.0
71,GLENALLEN ELEMENTARY SCHOOL,1,0.0,0.0,94,847.0
72,GLENALLEN ELEMENTARY SCHOOL,1,0.0,0.0,94,847.0
73,GLENALLEN ELEMENTARY SCHOOL,2,0.0,0.0,94,847.0
74,GLENALLEN ELEMENTARY SCHOOL,3,50.0,8.0,94,847.0
75,GLENALLEN ELEMENTARY SCHOOL,4,0.0,61.0,94,847.0
76,GLENALLEN ELEMENTARY SCHOOL,5,74.0,61.0,94,847.0
77,GLENALLEN ELEMENTARY SCHOOL,6,0.0,61.0,94,847.0
78,GLENALLEN ELEMENTARY SCHOOL,7,75.0,61.0,94,847.0
79,GLENALLEN ELEMENTARY SCHOOL,8,75.0,61.0,94,847.0
80,GLENALLEN ELEMENTARY SCHOOL,9,0.0,61.0,94,847.0
81,GLENALLEN ELEMENTARY SCHOOL,10,75.0,61.0,94,847.0
82,GLENALLEN ELEMENTARY SCHOOL,11,75.0,61.0,94,847.0
83,GLENALLEN ELEMENTARY SCHOOL,12,75.0,61.0,94,847.0
84,TUTTLE ELEMENTARY SCHOOL,1,0.0,0.0,65,411.0
85,TUTTLE ELEMENTARY SCHOOL,2,0.0,0.0,65,411.0
86,TUTTLE ELEMENTARY SCHOOL,3,40.0,0.0,65,411.0
87,TUTTLE ELEMENTARY SCHOOL,4,50.0,inf,65,411.0
88,TUTTLE ELEMENTARY SCHOOL,5,50.0,300.0,65,411.0
89,TUTTLE ELEMENTARY SCHOOL,6,50.0,300.0,65,411.0
90,TUTTLE ELEMENTARY SCHOOL,7,50.0,300.0,65,411.0
91,TUTTLE ELEMENTARY SCHOOL,8,43.0,200.0,65,411.0
92,TUTTLE ELEMENTARY SCHOOL,9,50.0,200.0,65,411.0
93,TUTTLE ELEMENTARY SCHOOL,10,50.0,200.0,65,411.0
94,TUTTLE ELEMENTARY SCHOOL,11,50.0,200.0,65,411.0
95,TUTTLE ELEMENTARY SCHOOL,12,50.0,200.0,65,411.0
96,SARASOTA SCHOOL OF ARTS & SCIENCES,1,0.0,0.0,1,0.0
97,SARASOTA SCHOOL OF ARTS & SCIENCES,2,0.0,0.0,1,0.0
98,SARASOTA SCHOOL OF ARTS & SCIENCES,3,0.0,0.0,1,0.0
99,SARASOTA SCHOOL OF ARTS & SCIENCES,4,0.0,0.0,1,0.0
100,SARASOTA SCHOOL OF ARTS & SCIENCES,5,0.0,0.0,1,0.0
101,SARASOTA SCHOOL OF ARTS & SCIENCES,6,0.0,0.0,1,0.0
102,SARASOTA SCHOOL OF ARTS & SCIENCES,7,0.0,0.0,1,0.0
103,SARASOTA SCHOOL OF ARTS & SCIENCES,8,0.0,0.0,1,0.0
104,SARASOTA SCHOOL OF ARTS & SCIENCES,9,0.0,0.0,1,0.0
105,SARASOTA SCHOOL OF ARTS & SCIENCES,10,0.0,0.0,1,0.0
106,SARASOTA SCHOOL OF ARTS & SCIENCES,11,0.0,0.0,1,0.0
107,SARASOTA SCHOOL OF ARTS & SCIENCES,12,0.0,0.0,1,0.0
108,WILKINSON ELEMENTARY SCHOOL,1,55.0,0.0,184,5516.0
109,WILKINSON ELEMENTARY SCHOOL,2,55.0,0.0,184,5516.0
110,WILKINSON ELEMENTARY SCHOOL,3,55.0,25.0,184,5516.0
111,WILKINSON ELEMENTARY SCHOOL,4,55.0,0.0,184,5516.0
112,WILKINSON ELEMENTARY SCHOOL,5,55.0,50.0,184,5516.0
113,WILKINSON ELEMENTARY SCHOOL,6,55.0,0.0,184,5516.0
114,WILKINSON ELEMENTARY SCHOOL,7,55.0,50.0,184,5516.0
115,WILKINSON ELEMENTARY SCHOOL,8,54.0,50.0,184,5516.0
116,WILKINSON ELEMENTARY SCHOOL,9,52.0,50.0,184,5516.0
117,WILKINSON ELEMENTARY SCHOOL,10,57.0,50.0,184,5516.0
118,WILKINSON ELEMENTARY SCHOOL,11,57.0,0.0,184,5516.0
119,WILKINSON ELEMENTARY SCHOOL,12,57.0,50.0,184,5516.0
120,SUNCOAST SCHOOL FOR INNOVATIVE STUDIES (K-5),1,0.0,0.0,2,3.0
121,SUNCOAST SCHOOL FOR INNOVATIVE STUDIES (K-5),2,0.0,0.0,2,3.0
122,SUNCOAST SCHOOL FOR INNOVATIVE STUDIES (K-5),3,0.0,0.0,2,3.0
123,SUNCOAST SCHOOL FOR INNOVATIVE STUDIES (K-5),4,0.0,0.0,2,3.0
124,SUNCOAST SCHOOL FOR INNOVATIVE STUDIES (K-5),5,0.0,0.0,2,3.0
125,SUNCOAST SCHOOL FOR INNOVATIVE STUDIES (K-5),6,0.0,0.0,2,3.0
126,SUNCOAST SCHOOL FOR INNOVATIVE STUDIES (K-5),7,0.0,0.0,2,3.0
127,SUNCOAST SCHOOL FOR INNOVATIVE STUDIES (K-5),8,0.0,0.0,2,3.0
128,SUNCOAST SCHOOL FOR INNOVATIVE STUDIES (K-5),9,0.0,0.0,2,3.0
129,SUNCOAST SCHOOL FOR INNOVATIVE STUDIES (K-5),10,0.0,0.0,2,3.0
130,SUNCOAST SCHOOL FOR INNOVATIVE STUDIES (K-5),11,50.0,0.0,2,3.0
131,SUNCOAST SCHOOL FOR INNOVATIVE STUDIES (K-5),12,50.0,0.0,2,3.0
132,OAK PARK SCHOOL,1,0.0,0.0,23,76.0
133,OAK PARK SCHOOL,2,0.0,0.0,23,76.0
134,OAK PARK SCHOOL,3,0.0,0.0,23,76.0
135,OAK PARK SCHOOL,5,25.0,40.0,23,76.0
136,OAK PARK SCHOOL,6,25.0,40.0,23,76.0
137,OAK PARK SCHOOL,7,25.0,40.0,23,76.0
138,OAK PARK SCHOOL,8,25.0,31.0,23,76.0
139,OAK PARK SCHOOL,9,20.0,31.0,23,76.0
140,OAK PARK SCHOOL,10,20.0,31.0,23,76.0
141,OAK PARK SCHOOL,11,17.0,38.0,23,76.0
142,OAK PARK SCHOOL,12,17.0,38.0,23,76.0
143,SKY ACADEMY,1,0.0,0.0,1,0.0
144,SKY ACADEMY,2,0.0,0.0,1,0.0
145,SKY ACADEMY,3,0.0,0.0,1,0.0
146,SKY ACADEMY,4,0.0,0.0,1,0.0
147,SKY ACADEMY,5,0.0,0.0,1,0.0
148,SKY ACADEMY,6,0.0,0.0,1,0.0
149,SKY ACADEMY,7,0.0,0.0,1,0.0
150,SKY ACADEMY,8,0.0,0.0,1,0.0
151,SKY ACADEMY,9,0.0,0.0,1,0.0
152,SKY ACADEMY,10,0.0,0.0,1,0.0
153,SKY ACADEMY,11,0.0,0.0,1,0.0
154,SKY ACADEMY,12,0.0,0.0,1,0.0
155,GARDEN ELEMENTARY SCHOOL,1,15.0,0.0,148,2390.0
156,GARDEN ELEMENTARY SCHOOL,2,15.0,0.0,148,2390.0
157,GARDEN ELEMENTARY SCHOOL,3,27.0,46.0,148,2390.0
158,GARDEN ELEMENTARY SCHOOL,4,39.0,70.0,148,2390.0
159,GARDEN ELEMENTARY SCHOOL,5,40.0,72.0,148,2390.0
160,GARDEN ELEMENTARY SCHOOL,6,40.0,71.0,148,2390.0
161,GARDEN ELEMENTARY SCHOOL,7,40.0,71.0,148,2390.0
162,GARDEN ELEMENTARY SCHOOL,8,41.0,71.0,148,2390.0
163,GARDEN ELEMENTARY SCHOOL,9,41.0,69.0,148,2390.0
164,GARDEN ELEMENTARY SCHOOL,10,40.0,68.0,148,2390.0
165,GARDEN ELEMENTARY SCHOOL,11,40.0,68.0,148,2390.0
166,GARDEN ELEMENTARY SCHOOL,12,40.0,68.0,148,2390.0
167,BOOKER HIGH SCHOOL,1,11.0,0.0,24,27.0
168,BOOKER HIGH SCHOOL,2,11.0,0.0,24,27.0
169,BOOKER HIGH SCHOOL,3,11.0,50.0,24,27.0
170,BOOKER HIGH SCHOOL,4,11.0,25.0,24,27.0
171,BOOKER HIGH SCHOOL,5,11.0,25.0,24,27.0
172,BOOKER HIGH SCHOOL,6,11.0,25.0,24,27.0
173,BOOKER HIGH SCHOOL,7,11.0,31.0,24,27.0
174,BOOKER HIGH SCHOOL,8,20.0,31.0,24,27.0
175,BOOKER HIGH SCHOOL,9,27.0,31.0,24,27.0
176,BOOKER HIGH SCHOOL,10,27.0,31.0,24,27.0
177,BOOKER HIGH SCHOOL,11,27.0,31.0,24,27.0
178,BOOKER HIGH SCHOOL,12,27.0,31.0,24,27.0
179,LAUREL NOKOMIS SCHOOL,1,0.0,0.0,170,2219.0
180,LAUREL NOKOMIS SCHOOL,2,0.0,0.0,170,2219.0
181,LAUREL NOKOMIS SCHOOL,3,55.0,33.0,170,2219.0
182,LAUREL NOKOMIS SCHOOL,4,60.0,52.0,170,2219.0
183,LAUREL NOKOMIS SCHOOL,5,64.0,54.0,170,2219.0
184,LAUREL NOKOMIS SCHOOL,6,63.0,54.0,170,2219.0
185,LAUREL NOKOMIS SCHOOL,7,63.0,54.0,170,2219.0
186,LAUREL NOKOMIS SCHOOL,8,60.0,54.0,170,2219.0
187,LAUREL NOKOMIS SCHOOL,9,60.0,54.0,170,2219.0
188,LAUREL NOKOMIS SCHOOL,10,61.0,54.0,170,2219.0
189,LAUREL NOKOMIS SCHOOL,11,61.0,54.0,170,2219.0
190,LAUREL NOKOMIS SCHOOL,12,61.0,54.0,170,2219.0
191,ISLAND VILLAGE MONTESSORI SCHOOL-VENICE,1,22.0,0.0,19,219.0
192,ISLAND VILLAGE MONTESSORI SCHOOL-VENICE,2,22.0,0.0,19,219.0
193,ISLAND VILLAGE MONTESSORI SCHOOL-VENICE,3,20.0,0.0,19,219.0
194,ISLAND VILLAGE MONTESSORI SCHOOL-VENICE,4,38.0,60.0,19,219.0
195,ISLAND VILLAGE MONTESSORI SCHOOL-VENICE,5,38.0,60.0,19,219.0
196,ISLAND VILLAGE MONTESSORI SCHOOL-VENICE,6,38.0,60.0,19,219.0
197,ISLAND VILLAGE MONTESSORI SCHOOL-VENICE,7,38.0,60.0,19,219.0
198,ISLAND VILLAGE MONTESSORI SCHOOL-VENICE,8,38.0,67.0,19,219.0
199,ISLAND VILLAGE MONTESSORI SCHOOL-VENICE,9,38.0,67.0,19,219.0
200,ISLAND VILLAGE MONTESSORI SCHOOL-VENICE,10,38.0,67.0,19,219.0
201,ISLAND VILLAGE MONTESSORI SCHOOL-VENICE,11,38.0,67.0,19,219.0
202,ISLAND VILLAGE MONTESSORI SCHOOL-VENICE,12,38.0,67.0,19,219.0
203,PHILLIPPI SHORES ELEMENTARY SCHOOL,1,0.0,0.0,106,833.0
204,PHILLIPPI SHORES ELEMENTARY SCHOOL,2,0.0,0.0,106,833.0
205,PHILLIPPI SHORES ELEMENTARY SCHOOL,3,53.0,11.0,106,833.0
206,PHILLIPPI SHORES ELEMENTARY SCHOOL,4,64.0,48.0,106,833.0
207,PHILLIPPI SHORES ELEMENTARY SCHOOL,5,64.0,48.0,106,833.0
208,PHILLIPPI SHORES ELEMENTARY SCHOOL,6,64.0,48.0,106,833.0
209,PHILLIPPI SHORES ELEMENTARY SCHOOL,7,66.0,48.0,106,833.0
210,PHILLIPPI SHORES ELEMENTARY SCHOOL,8,66.0,45.0,106,833.0
211,PHILLIPPI SHORES ELEMENTARY SCHOOL,9,68.0,45.0,106,833.0
212,PHILLIPPI SHORES ELEMENTARY SCHOOL,10,69.0,44.0,106,833.0
213,PHILLIPPI SHORES ELEMENTARY SCHOOL,11,69.0,44.0,106,833.0
214,PHILLIPPI SHORES ELEMENTARY SCHOOL,12,69.0,44.0,106,833.0
215,SARASOTA HIGH SCHOOL,1,0.0,0.0,9,29.0
216,SARASOTA HIGH SCHOOL,2,0.0,0.0,9,29.0
217,SARASOTA HIGH SCHOOL,3,75.0,0.0,9,29.0
218,SARASOTA HIGH SCHOOL,4,75.0,67.0,9,29.0
219,SARASOTA HIGH SCHOOL,5,80.0,0.0,9,29.0
220,SARASOTA HIGH SCHOOL,6,80.0,100.0,9,29.0
221,SARASOTA HIGH SCHOOL,7,80.0,100.0,9,29.0
222,SARASOTA HIGH SCHOOL,8,67.0,100.0,9,29.0
223,SARASOTA HIGH SCHOOL,9,67.0,100.0,9,29.0
224,SARASOTA HIGH SCHOOL,10,67.0,100.0,9,29.0
225,SARASOTA HIGH SCHOOL,11,0.0,100.0,9,29.0
226,SARASOTA HIGH SCHOOL,12,67.0,100.0,9,29.0
227,VENICE MIDDLE SCHOOL,1,29.0,0.0,40,445.0
228,VENICE MIDDLE SCHOOL,2,29.0,0.0,40,445.0
229,VENICE MIDDLE SCHOOL,3,29.0,35.0,40,445.0
230,VENICE MIDDLE SCHOOL,4,36.0,47.0,40,445.0
231,VENICE MIDDLE SCHOOL,5,36.0,47.0,40,445.0
232,VENICE MIDDLE SCHOOL,6,36.0,inf,40,445.0
233,VENICE MIDDLE SCHOOL,7,36.0,47.0,40,445.0
234,VENICE MIDDLE SCHOOL,8,36.0,41.0,40,445.0
235,VENICE MIDDLE SCHOOL,9,43.0,41.0,40,445.0
236,VENICE MIDDLE SCHOOL,10,43.0,41.0,40,445.0
237,VENICE MIDDLE SCHOOL,11,40.0,41.0,40,445.0
238,VENICE MIDDLE SCHOOL,12,40.0,41.0,40,445.0
239,MCINTOSH MIDDLE SCHOOL,1,0.0,0.0,10,13.0
240,MCINTOSH MIDDLE SCHOOL,2,0.0,0.0,10,13.0
241,MCINTOSH MIDDLE SCHOOL,2,0.0,0.0,10,13.0
242,MCINTOSH MIDDLE SCHOOL,3,0.0,0.0,10,13.0
243,MCINTOSH MIDDLE SCHOOL,4,0.0,75.0,10,13.0
244,MCINTOSH MIDDLE SCHOOL,5,0.0,75.0,10,13.0
245,MCINTOSH MIDDLE SCHOOL,6,0.0,60.0,10,13.0
246,MCINTOSH MIDDLE SCHOOL,7,0.0,60.0,10,13.0
247,MCINTOSH MIDDLE SCHOOL,8,0.0,67.0,10,13.0
248,MCINTOSH MIDDLE SCHOOL,9,0.0,67.0,10,13.0
249,MCINTOSH MIDDLE SCHOOL,10,25.0,67.0,10,13.0
250,MCINTOSH MIDDLE SCHOOL,11,0.0,0.0,10,13.0
251,MCINTOSH MIDDLE SCHOOL,12,0.0,67.0,10,13.0
252,SOUTHSIDE ELEMENTARY SCHOOL,1,0.0,0.0,90,1098.0
253,SOUTHSIDE ELEMENTARY SCHOOL,2,0.0,0.0,90,1098.0
254,SOUTHSIDE ELEMENTARY SCHOOL,3,75.0,39.0,90,1098.0
255,SOUTHSIDE ELEMENTARY SCHOOL,4,86.0,64.0,90,1098.0
256,SOUTHSIDE ELEMENTARY SCHOOL,5,86.0,63.0,90,1098.0
257,SOUTHSIDE ELEMENTARY SCHOOL,6,86.0,63.0,90,1098.0
258,SOUTHSIDE ELEMENTARY SCHOOL,7,86.0,63.0,90,1098.0
259,SOUTHSIDE ELEMENTARY SCHOOL,8,86.0,63.0,90,1098.0
260,SOUTHSIDE ELEMENTARY SCHOOL,9,86.0,63.0,90,1098.0
261,SOUTHSIDE ELEMENTARY SCHOOL,10,87.0,63.0,90,1098.0
262,SOUTHSIDE ELEMENTARY SCHOOL,11,87.0,63.0,90,1098.0
263,SOUTHSIDE ELEMENTARY SCHOOL,12,87.0,63.0,90,1098.0
264,PINE VIEW SCHOOL,1,28.0,0.0,244,3096.0
265,PINE VIEW SCHOOL,2,28.0,0.0,244,3096.0
266,PINE VIEW SCHOOL,3,32.0,20.0,244,3096.0
267,PINE VIEW SCHOOL,4,41.0,34.0,244,3096.0
268,PINE VIEW SCHOOL,5,41.0,36.0,244,3096.0
269,PINE VIEW SCHOOL,6,41.0,36.0,244,3096.0
270,PINE VIEW SCHOOL,7,41.0,36.0,244,3096.0
271,PINE VIEW SCHOOL,8,42.0,36.0,244,3096.0
272,PINE VIEW SCHOOL,9,45.0,37.0,244,3096.0
273,PINE VIEW SCHOOL,10,45.0,37.0,244,3096.0
274,PINE VIEW SCHOOL,11,45.0,37.0,244,3096.0
275,PINE VIEW SCHOOL,12,45.0,36.0,244,3096.0
276,IMAGINE SCHOOLS NORTH PORT LOWER CAMPUS,1,0.0,0.0,3,0.0
277,IMAGINE SCHOOLS NORTH PORT LOWER CAMPUS,2,0.0,0.0,3,0.0
278,IMAGINE SCHOOLS NORTH PORT LOWER CAMPUS,3,0.0,0.0,3,0.0
279,IMAGINE SCHOOLS NORTH PORT LOWER CAMPUS,4,0.0,0.0,3,0.0
280,IMAGINE SCHOOLS NORTH PORT LOWER CAMPUS,5,0.0,0.0,3,0.0
281,IMAGINE SCHOOLS NORTH PORT LOWER CAMPUS,6,0.0,0.0,3,0.0
282,IMAGINE SCHOOLS NORTH PORT LOWER CAMPUS,7,0.0,0.0,3,0.0
283,IMAGINE SCHOOLS NORTH PORT LOWER CAMPUS,8,0.0,0.0,3,0.0
284,IMAGINE SCHOOLS NORTH PORT LOWER CAMPUS,9,0.0,0.0,3,0.0
285,IMAGINE SCHOOLS NORTH PORT LOWER CAMPUS,10,0.0,0.0,3,0.0
286,IMAGINE SCHOOLS NORTH PORT LOWER CAMPUS,11,0.0,0.0,3,0.0
287,IMAGINE SCHOOLS NORTH PORT LOWER CAMPUS,12,0.0,0.0,3,0.0
288,SARASOTA SUNCOAST ACADEMY,1,0.0,0.0,2,0.0
289,SARASOTA SUNCOAST ACADEMY,2,0.0,0.0,2,0.0
290,SARASOTA SUNCOAST ACADEMY,3,0.0,0.0,2,0.0
291,SARASOTA SUNCOAST ACADEMY,4,0.0,0.0,2,0.0
292,SARASOTA SUNCOAST ACADEMY,5,0.0,0.0,2,0.0
293,SARASOTA SUNCOAST ACADEMY,6,0.0,0.0,2,0.0
294,SARASOTA SUNCOAST ACADEMY,7,0.0,0.0,2,0.0
295,SARASOTA SUNCOAST ACADEMY,8,0.0,0.0,2,0.0
296,SARASOTA SUNCOAST ACADEMY,9,0.0,0.0,2,0.0
297,SARASOTA SUNCOAST ACADEMY,10,0.0,0.0,2,0.0
298,SARASOTA SUNCOAST ACADEMY,11,0.0,0.0,2,0.0
299,SARASOTA SUNCOAST ACADEMY,12,0.0,0.0,2,0.0
300,LAKEVIEW ELEMENTARY SCHOOL,1,0.0,0.0,247,1968.0
301,LAKEVIEW ELEMENTARY SCHOOL,2,0.0,0.0,247,1968.0
302,LAKEVIEW ELEMENTARY SCHOOL,3,4.0,35.0,247,1968.0
303,LAKEVIEW ELEMENTARY SCHOOL,4,0.0,51.0,247,1968.0
304,LAKEVIEW ELEMENTARY SCHOOL,5,0.0,52.0,247,1968.0
305,LAKEVIEW ELEMENTARY SCHOOL,6,0.0,52.0,247,1968.0
306,LAKEVIEW ELEMENTARY SCHOOL,7,16.0,52.0,247,1968.0
307,LAKEVIEW ELEMENTARY SCHOOL,8,16.0,52.0,247,1968.0
308,LAKEVIEW ELEMENTARY SCHOOL,9,16.0,52.0,247,1968.0
309,LAKEVIEW ELEMENTARY SCHOOL,10,17.0,52.0,247,1968.0
310,LAKEVIEW ELEMENTARY SCHOOL,11,0.0,52.0,247,1968.0
311,LAKEVIEW ELEMENTARY SCHOOL,11,0.0,52.0,247,1968.0
312,LAKEVIEW ELEMENTARY SCHOOL,12,17.0,52.0,247,1968.0
313,SUNCOAST POLYTECHNICAL HIGH SCHOOL,1,0.0,0.0,2,0.0
314,SUNCOAST POLYTECHNICAL HIGH SCHOOL,2,0.0,0.0,2,0.0
315,SUNCOAST POLYTECHNICAL HIGH SCHOOL,3,0.0,0.0,2,0.0
316,SUNCOAST POLYTECHNICAL HIGH SCHOOL,4,0.0,0.0,2,0.0
317,SUNCOAST POLYTECHNICAL HIGH SCHOOL,5,0.0,0.0,2,0.0
318,SUNCOAST POLYTECHNICAL HIGH SCHOOL,6,0.0,0.0,2,0.0
319,SUNCOAST POLYTECHNICAL HIGH SCHOOL,7,0.0,0.0,2,0.0
320,SUNCOAST POLYTECHNICAL HIGH SCHOOL,8,0.0,0.0,2,0.0
321,SUNCOAST POLYTECHNICAL HIGH SCHOOL,9,0.0,0.0,2,0.0
322,SUNCOAST POLYTECHNICAL HIGH SCHOOL,10,0.0,0.0,2,0.0
323,SUNCOAST POLYTECHNICAL HIGH SCHOOL,11,0.0,0.0,2,0.0
324,SUNCOAST POLYTECHNICAL HIGH SCHOOL,12,0.0,0.0,2,0.0
325,ATWATER ELEMENTARY SCHOOL,1,0.0,0.0,205,1342.0
326,ATWATER ELEMENTARY SCHOOL,2,0.0,0.0,205,1342.0
327,ATWATER ELEMENTARY SCHOOL,3,0.0,50.0,205,1342.0
328,ATWATER ELEMENTARY SCHOOL,4,50.0,50.0,205,1342.0
329,ATWATER ELEMENTARY SCHOOL,5,0.0,50.0,205,1342.0
330,ATWATER ELEMENTARY SCHOOL,6,50.0,49.0,205,1342.0
331,ATWATER ELEMENTARY SCHOOL,7,50.0,50.0,205,1342.0
332,ATWATER ELEMENTARY SCHOOL,8,48.0,50.0,205,1342.0
333,ATWATER ELEMENTARY SCHOOL,9,48.0,50.0,205,1342.0
334,ATWATER ELEMENTARY SCHOOL,10,48.0,50.0,205,1342.0
335,ATWATER ELEMENTARY SCHOOL,11,48.0,49.0,205,1342.0
336,ATWATER ELEMENTARY SCHOOL,12,48.0,49.0,205,1342.0
337,CRANBERRY ELEMENTARY SCHOOL,1,133.0,0.0,83,1153.0
338,CRANBERRY ELEMENTARY SCHOOL,2,133.0,0.0,83,1153.0
339,CRANBERRY ELEMENTARY SCHOOL,2,133.0,0.0,83,1153.0
340,CRANBERRY ELEMENTARY SCHOOL,2,133.0,0.0,83,1153.0
341,CRANBERRY ELEMENTARY SCHOOL,3,100.0,17.0,83,1153.0
342,CRANBERRY ELEMENTARY SCHOOL,4,78.0,0.0,83,1153.0
343,CRANBERRY ELEMENTARY SCHOOL,5,78.0,0.0,83,1153.0
344,CRANBERRY ELEMENTARY SCHOOL,6,78.0,60.0,83,1153.0
345,CRANBERRY ELEMENTARY SCHOOL,7,78.0,0.0,83,1153.0
346,CRANBERRY ELEMENTARY SCHOOL,8,76.0,60.0,83,1153.0
347,CRANBERRY ELEMENTARY SCHOOL,9,77.0,0.0,83,1153.0
348,CRANBERRY ELEMENTARY SCHOOL,10,74.0,58.0,83,1153.0
349,CRANBERRY ELEMENTARY SCHOOL,11,71.0,58.0,83,1153.0
350,CRANBERRY ELEMENTARY SCHOOL,12,71.0,58.0,83,1153.0
351,LAMARQUE ELEMENTARY SCHOOL,1,77.0,0.0,383,7557.0
352,LAMARQUE ELEMENTARY SCHOOL,2,77.0,0.0,383,7557.0
353,LAMARQUE ELEMENTARY SCHOOL,3,73.0,23.0,383,7557.0
354,LAMARQUE ELEMENTARY SCHOOL,4,74.0,49.0,383,7557.0
355,LAMARQUE ELEMENTARY SCHOOL,5,73.0,49.0,383,7557.0
356,LAMARQUE ELEMENTARY SCHOOL,6,73.0,49.0,383,7557.0
357,LAMARQUE ELEMENTARY SCHOOL,7,73.0,49.0,383,7557.0
358,LAMARQUE ELEMENTARY SCHOOL,8,70.0,49.0,383,7557.0
359,LAMARQUE ELEMENTARY SCHOOL,9,82.0,49.0,383,7557.0
360,LAMARQUE ELEMENTARY SCHOOL,10,83.0,50.0,383,7557.0
361,LAMARQUE ELEMENTARY SCHOOL,11,84.0,0.0,383,7557.0
362,LAMARQUE ELEMENTARY SCHOOL,12,84.0,50.0,383,7557.0
363,ALTA VISTA ELEMENTARY SCHOOL,1,0.0,0.0,38,181.0
364,ALTA VISTA ELEMENTARY SCHOOL,2,0.0,0.0,38,181.0
365,ALTA VISTA ELEMENTARY SCHOOL,3,0.0,0.0,38,181.0
366,ALTA VISTA ELEMENTARY SCHOOL,4,25.0,59.0,38,181.0
367,ALTA VISTA ELEMENTARY SCHOOL,5,25.0,59.0,38,181.0
368,ALTA VISTA ELEMENTARY SCHOOL,6,25.0,59.0,38,181.0
369,ALTA VISTA ELEMENTARY SCHOOL,7,25.0,59.0,38,181.0
370,ALTA VISTA ELEMENTARY SCHOOL,8,33.0,59.0,38,181.0
371,ALTA VISTA ELEMENTARY SCHOOL,9,18.0,50.0,38,181.0
372,ALTA VISTA ELEMENTARY SCHOOL,10,22.0,50.0,38,181.0
373,ALTA VISTA ELEMENTARY SCHOOL,11,22.0,50.0,38,181.0
374,ALTA VISTA ELEMENTARY SCHOOL,12,22.0,50.0,38,181.0
375,BOOKER MIDDLE SCHOOL,1,4.0,0.0,79,76.0
376,BOOKER MIDDLE SCHOOL,2,4.0,0.0,79,76.0
377,BOOKER MIDDLE SCHOOL,3,4.0,25.0,79,76.0
378,BOOKER MIDDLE SCHOOL,4,6.0,50.0,79,76.0
379,BOOKER MIDDLE SCHOOL,5,6.0,50.0,79,76.0
380,BOOKER MIDDLE SCHOOL,6,6.0,50.0,79,76.0
381,BOOKER MIDDLE SCHOOL,7,6.0,50.0,79,76.0
382,BOOKER MIDDLE SCHOOL,8,6.0,50.0,79,76.0
383,BOOKER MIDDLE SCHOOL,9,6.0,40.0,79,76.0
384,BOOKER MIDDLE SCHOOL,10,6.0,40.0,79,76.0
385,BOOKER MIDDLE SCHOOL,11,6.0,40.0,79,76.0
386,BOOKER MIDDLE SCHOOL,12,6.0,40.0,79,76.0
387,TAYLOR RANCH ELEMENTARY SCHOOL,1,0.0,0.0,135,1618.0
388,TAYLOR RANCH ELEMENTARY SCHOOL,2,0.0,0.0,135,1618.0
389,TAYLOR RANCH ELEMENTARY SCHOOL,3,inf,17.0,135,1618.0
390,TAYLOR RANCH ELEMENTARY SCHOOL,4,94.0,59.0,135,1618.0
391,TAYLOR RANCH ELEMENTARY SCHOOL,5,94.0,61.0,135,1618.0
392,TAYLOR RANCH ELEMENTARY SCHOOL,6,94.0,61.0,135,1618.0
393,TAYLOR RANCH ELEMENTARY SCHOOL,7,94.0,61.0,135,1618.0
394,TAYLOR RANCH ELEMENTARY SCHOOL,8,106.0,62.0,135,1618.0
395,TAYLOR RANCH ELEMENTARY SCHOOL,9,0.0,62.0,135,1618.0
396,TAYLOR RANCH ELEMENTARY SCHOOL,10,89.0,62.0,135,1618.0
397,TAYLOR RANCH ELEMENTARY SCHOOL,11,89.0,62.0,135,1618.0
398,TAYLOR RANCH ELEMENTARY SCHOOL,12,89.0,62.0,135,1618.0
399,TATUM RIDGE ELEMENTARY SCHOOL,1,0.0,0.0,109,1512.0
400,TATUM RIDGE ELEMENTARY SCHOOL,2,0.0,0.0,109,1512.0
401,TATUM RIDGE ELEMENTARY SCHOOL,3,40.0,33.0,109,1512.0
402,TATUM RIDGE ELEMENTARY SCHOOL,4,85.0,58.0,109,1512.0
403,TATUM RIDGE ELEMENTARY SCHOOL,5,85.0,59.0,109,1512.0
404,TATUM RIDGE ELEMENTARY SCHOOL,6,85.0,58.0,109,1512.0
405,TATUM RIDGE ELEMENTARY SCHOOL,7,85.0,58.0,109,1512.0
406,TATUM RIDGE ELEMENTARY SCHOOL,8,82.0,58.0,109,1512.0
407,TATUM RIDGE ELEMENTARY SCHOOL,9,79.0,60.0,109,1512.0
408,TATUM RIDGE ELEMENTARY SCHOOL,10,80.0,60.0,109,1512.0
409,TATUM RIDGE ELEMENTARY SCHOOL,11,80.0,60.0,109,1512.0
410,TATUM RIDGE ELEMENTARY SCHOOL,12,80.0,60.0,109,1512.0
411,HERON CREEK MIDDLE SCHOOL,1,0.0,0.0,6,3.0
412,HERON CREEK MIDDLE SCHOOL,2,0.0,0.0,6,3.0
413,HERON CREEK MIDDLE SCHOOL,3,50.0,0.0,6,3.0
414,HERON CREEK MIDDLE SCHOOL,4,50.0,0.0,6,3.0
415,HERON CREEK MIDDLE SCHOOL,5,0.0,0.0,6,3.0
416,HERON CREEK MIDDLE SCHOOL,6,50.0,0.0,6,3.0
417,HERON CREEK MIDDLE SCHOOL,7,50.0,0.0,6,3.0
418,HERON CREEK MIDDLE SCHOOL,8,33.0,0.0,6,3.0
419,HERON CREEK MIDDLE SCHOOL,9,33.0,0.0,6,3.0
420,HERON CREEK MIDDLE SCHOOL,10,33.0,0.0,6,3.0
421,HERON CREEK MIDDLE SCHOOL,11,50.0,0.0,6,3.0
422,HERON CREEK MIDDLE SCHOOL,12,50.0,0.0,6,3.0
423,BRENTWOOD ELEMENTARY SCHOOL,1,2.0,0.0,285,3569.0
424,BRENTWOOD ELEMENTARY SCHOOL,2,2.0,0.0,285,3569.0
425,BRENTWOOD ELEMENTARY SCHOOL,5,26.0,9800.0,285,3569.0
426,BRENTWOOD ELEMENTARY SCHOOL,6,26.0,9900.0,285,3569.0
427,BRENTWOOD ELEMENTARY SCHOOL,7,26.0,9900.0,285,3569.0
428,BRENTWOOD ELEMENTARY SCHOOL,8,27.0,9900.0,285,3569.0
429,BRENTWOOD ELEMENTARY SCHOOL,9,30.0,9900.0,285,3569.0
430,BRENTWOOD ELEMENTARY SCHOOL,10,30.0,9900.0,285,3569.0
431,BRENTWOOD ELEMENTARY SCHOOL,11,30.0,9900.0,285,3569.0
432,BRENTWOOD ELEMENTARY SCHOOL,12,30.0,4950.0,285,3569.0
433,SARASOTA ACADEMY OF THE ARTS,1,0.0,0.0,3,0.0
434,SARASOTA ACADEMY OF THE ARTS,2,0.0,0.0,3,0.0
435,SARASOTA ACADEMY OF THE ARTS,3,0.0,0.0,3,0.0
436,SARASOTA ACADEMY OF THE ARTS,4,0.0,0.0,3,0.0
437,SARASOTA ACADEMY OF THE ARTS,5,0.0,0.0,3,0.0
438,SARASOTA ACADEMY OF THE ARTS,6,0.0,0.0,3,0.0
439,SARASOTA ACADEMY OF THE ARTS,7,0.0,0.0,3,0.0
440,SARASOTA ACADEMY OF THE ARTS,8,0.0,0.0,3,0.0
441,SARASOTA ACADEMY OF THE ARTS,9,0.0,0.0,3,0.0
442,SARASOTA ACADEMY OF THE ARTS,10,0.0,0.0,3,0.0
443,SARASOTA ACADEMY OF THE ARTS,11,0.0,0.0,3,0.0
444,SARASOTA ACADEMY OF THE ARTS,12,0.0,0.0,3,0.0
445,NORTH PORT HIGH SCHOOL,1,0.0,0.0,13,7.0
446,NORTH PORT HIGH SCHOOL,2,0.0,0.0,13,7.0
447,NORTH PORT HIGH SCHOOL,3,0.0,0.0,13,7.0
448,NORTH PORT HIGH SCHOOL,4,33.0,0.0,13,7.0
449,NORTH PORT HIGH SCHOOL,5,33.0,0.0,13,7.0
450,NORTH PORT HIGH SCHOOL,6,33.0,0.0,13,7.0
451,NORTH PORT HIGH SCHOOL,7,33.0,0.0,13,7.0
452,NORTH PORT HIGH SCHOOL,8,12.0,0.0,13,7.0
453,NORTH PORT HIGH SCHOOL,9,12.0,0.0,13,7.0
454,NORTH PORT HIGH SCHOOL,10,11.0,0.0,13,7.0
455,NORTH PORT HIGH SCHOOL,11,11.0,0.0,13,7.0
456,NORTH PORT HIGH SCHOOL,12,11.0,0.0,13,7.0
457,IMAGINE SCHOOL AT NORTH PORT,1,0.0,0.0,2,3.0
458,IMAGINE SCHOOL AT NORTH PORT,1,0.0,0.0,2,3.0
459,IMAGINE SCHOOL AT NORTH PORT,2,0.0,0.0,2,3.0
460,IMAGINE SCHOOL AT NORTH PORT,3,0.0,0.0,2,3.0
461,IMAGINE SCHOOL AT NORTH PORT,4,0.0,100.0,2,3.0
462,IMAGINE SCHOOL AT NORTH PORT,5,0.0,100.0,2,3.0
463,IMAGINE SCHOOL AT NORTH PORT,6,0.0,100.0,2,3.0
464,IMAGINE SCHOOL AT NORTH PORT,7,0.0,100.0,2,3.0
465,IMAGINE SCHOOL AT NORTH PORT,8,0.0,100.0,2,3.0
466,IMAGINE SCHOOL AT NORTH PORT,9,0.0,100.0,2,3.0
467,IMAGINE SCHOOL AT NORTH PORT,10,0.0,0.0,2,3.0
468,IMAGINE SCHOOL AT NORTH PORT,11,0.0,100.0,2,3.0
469,IMAGINE SCHOOL AT NORTH PORT,12,0.0,0.0,2,3.0
470,MS CAMPUS,1,0.0,0.0,1,0.0
471,MS CAMPUS,2,0.0,0.0,1,0.0
472,MS CAMPUS,3,0.0,0.0,1,0.0
473,MS CAMPUS,4,0.0,0.0,1,0.0
474,MS CAMPUS,5,0.0,0.0,1,0.0
475,MS CAMPUS,6,0.0,0.0,1,0.0
476,MS CAMPUS,7,0.0,0.0,1,0.0
477,MS CAMPUS,8,0.0,0.0,1,0.0
478,MS CAMPUS,9,0.0,0.0,1,0.0
479,MS CAMPUS,10,0.0,0.0,1,0.0
480,MS CAMPUS,11,0.0,0.0,1,0.0
481,MS CAMPUS,12,0.0,0.0,1,0.0
482,RIVERVIEW HIGH SCHOOL,1,0.0,0.0,23,92.0
483,RIVERVIEW HIGH SCHOOL,2,0.0,0.0,23,92.0
484,RIVERVIEW HIGH SCHOOL,3,0.0,0.0,23,92.0
485,RIVERVIEW HIGH SCHOOL,4,0.0,45.0,23,92.0
486,RIVERVIEW HIGH SCHOOL,5,0.0,50.0,23,92.0
487,RIVERVIEW HIGH SCHOOL,6,0.0,50.0,23,92.0
488,RIVERVIEW HIGH SCHOOL,7,0.0,58.0,23,92.0
489,RIVERVIEW HIGH SCHOOL,8,0.0,54.0,23,92.0
490,RIVERVIEW HIGH SCHOOL,9,40.0,50.0,23,92.0
491,RIVERVIEW HIGH SCHOOL,10,40.0,50.0,23,92.0
492,RIVERVIEW HIGH SCHOOL,11,0.0,41.0,23,92.0
493,RIVERVIEW HIGH SCHOOL,12,0.0,41.0,23,92.0
494,ENGLEWOOD ELEMENTARY SCHOOL,1,0.0,0.0,76,444.0
495,ENGLEWOOD ELEMENTARY SCHOOL,2,0.0,0.0,76,444.0
496,ENGLEWOOD ELEMENTARY SCHOOL,2,0.0,0.0,76,444.0
497,ENGLEWOOD ELEMENTARY SCHOOL,3,67.0,14.0,76,444.0
498,ENGLEWOOD ELEMENTARY SCHOOL,4,0.0,44.0,76,444.0
499,ENGLEWOOD ELEMENTARY SCHOOL,5,67.0,45.0,76,444.0
500,ENGLEWOOD ELEMENTARY SCHOOL,6,0.0,45.0,76,444.0
501,ENGLEWOOD ELEMENTARY SCHOOL,7,67.0,45.0,76,444.0
502,ENGLEWOOD ELEMENTARY SCHOOL,8,69.0,45.0,76,444.0
503,ENGLEWOOD ELEMENTARY SCHOOL,9,69.0,44.0,76,444.0
504,ENGLEWOOD ELEMENTARY SCHOOL,10,69.0,44.0,76,444.0
505,ENGLEWOOD ELEMENTARY SCHOOL,11,69.0,44.0,76,444.0
506,ENGLEWOOD ELEMENTARY SCHOOL,12,69.0,44.0,76,444.0
507,IMAGINE PALMER RANCH,1,0.0,0.0,6,4.0
508,IMAGINE PALMER RANCH,2,0.0,0.0,6,4.0
509,IMAGINE PALMER RANCH,3,0.0,0.0,6,4.0
510,IMAGINE PALMER RANCH,4,0.0,0.0,6,4.0
511,IMAGINE PALMER RANCH,5,0.0,0.0,6,4.0
512,IMAGINE PALMER RANCH,6,0.0,0.0,6,4.0
513,IMAGINE PALMER RANCH,7,0.0,0.0,6,4.0
514,IMAGINE PALMER RANCH,8,0.0,0.0,6,4.0
515,IMAGINE PALMER RANCH,9,50.0,0.0,6,4.0
516,IMAGINE PALMER RANCH,10,50.0,0.0,6,4.0
517,IMAGINE PALMER RANCH,11,50.0,0.0,6,4.0
518,IMAGINE PALMER RANCH,12,50.0,0.0,6,4.0
519,SCF COLLEGIATE SCHOOL- VENICE (11-12),1,0.0,0.0,1,0.0
520,SCF COLLEGIATE SCHOOL- VENICE (11-12),2,0.0,0.0,1,0.0
521,SCF COLLEGIATE SCHOOL- VENICE (11-12),3,0.0,0.0,1,0.0
522,SCF COLLEGIATE SCHOOL- VENICE (11-12),4,0.0,0.0,1,0.0
523,SCF COLLEGIATE SCHOOL- VENICE (11-12),5,0.0,0.0,1,0.0
524,SCF COLLEGIATE SCHOOL- VENICE (11-12),6,0.0,0.0,1,0.0
525,SCF COLLEGIATE SCHOOL- VENICE (11-12),7,0.0,0.0,1,0.0
526,SCF COLLEGIATE SCHOOL- VENICE (11-12),8,0.0,0.0,1,0.0
527,SCF COLLEGIATE SCHOOL- VENICE (11-12),9,0.0,0.0,1,0.0
528,SCF COLLEGIATE SCHOOL- VENICE (11-12),10,0.0,0.0,1,0.0
529,SCF COLLEGIATE SCHOOL- VENICE (11-12),11,0.0,0.0,1,0.0
530,SCF COLLEGIATE SCHOOL- VENICE (11-12),12,0.0,0.0,1,0.0
531,SKY ACADEMY ENGLEWOOD,1,0.0,0.0,1,0.0
532,SKY ACADEMY ENGLEWOOD,2,0.0,0.0,1,0.0
533,SKY ACADEMY ENGLEWOOD,3,0.0,0.0,1,0.0
534,SKY ACADEMY ENGLEWOOD,4,0.0,0.0,1,0.0
535,SKY ACADEMY ENGLEWOOD,5,0.0,0.0,1,0.0
536,SKY ACADEMY ENGLEWOOD,6,0.0,0.0,1,0.0
537,SKY ACADEMY ENGLEWOOD,7,0.0,0.0,1,0.0
538,SKY ACADEMY ENGLEWOOD,8,0.0,0.0,1,0.0
539,SKY ACADEMY ENGLEWOOD,9,0.0,0.0,1,0.0
540,SKY ACADEMY ENGLEWOOD,10,0.0,0.0,1,0.0
541,SKY ACADEMY ENGLEWOOD,11,0.0,0.0,1,0.0
542,SKY ACADEMY ENGLEWOOD,12,0.0,0.0,1,0.0
543,GULF GATE ELEMENTARY SCHOOL,1,0.0,0.0,164,1055.0
544,GULF GATE ELEMENTARY SCHOOL,2,0.0,0.0,164,1055.0
545,GULF GATE ELEMENTARY SCHOOL,3,20.0,40.0,164,1055.0
546,GULF GATE ELEMENTARY SCHOOL,4,50.0,58.0,164,1055.0
547,GULF GATE ELEMENTARY SCHOOL,5,50.0,59.0,164,1055.0
548,GULF GATE ELEMENTARY SCHOOL,6,50.0,59.0,164,1055.0
549,GULF GATE ELEMENTARY SCHOOL,7,50.0,59.0,164,1055.0
550,GULF GATE ELEMENTARY SCHOOL,8,50.0,59.0,164,1055.0
551,GULF GATE ELEMENTARY SCHOOL,9,50.0,59.0,164,1055.0
552,GULF GATE ELEMENTARY SCHOOL,10,50.0,59.0,164,1055.0
553,GULF GATE ELEMENTARY SCHOOL,11,50.0,59.0,164,1055.0
554,GULF GATE ELEMENTARY SCHOOL,12,50.0,59.0,164,1055.0
555,EMMA E. BOOKER ELEMENTARY SCHOOL,1,36.0,0.0,169,3385.0
556,EMMA E. BOOKER ELEMENTARY SCHOOL,2,36.0,0.0,169,3385.0
557,EMMA E. BOOKER ELEMENTARY SCHOOL,3,40.0,0.0,169,3385.0
558,EMMA E. BOOKER ELEMENTARY SCHOOL,4,47.0,48.0,169,3385.0
559,EMMA E. BOOKER ELEMENTARY SCHOOL,5,47.0,48.0,169,3385.0
560,EMMA E. BOOKER ELEMENTARY SCHOOL,6,47.0,48.0,169,3385.0
561,EMMA E. BOOKER ELEMENTARY SCHOOL,7,47.0,48.0,169,3385.0
562,EMMA E. BOOKER ELEMENTARY SCHOOL,8,40.0,48.0,169,3385.0
563,EMMA E. BOOKER ELEMENTARY SCHOOL,9,45.0,49.0,169,3385.0
564,EMMA E. BOOKER ELEMENTARY SCHOOL,10,48.0,49.0,169,3385.0
565,EMMA E. BOOKER ELEMENTARY SCHOOL,11,48.0,49.0,169,3385.0
566,EMMA E. BOOKER ELEMENTARY SCHOOL,12,47.0,49.0,169,3385.0
567,WOODLAND MIDDLE SCHOOL,1,0.0,0.0,437,202.0
568,WOODLAND MIDDLE SCHOOL,2,0.0,0.0,437,202.0
569,WOODLAND MIDDLE SCHOOL,3,20.0,0.0,437,202.0
570,WOODLAND MIDDLE SCHOOL,4,30.0,50.0,437,202.0
571,WOODLAND MIDDLE SCHOOL,5,30.0,50.0,437,202.0
572,WOODLAND MIDDLE SCHOOL,6,30.0,50.0,437,202.0
573,WOODLAND MIDDLE SCHOOL,7,30.0,33.0,437,202.0
574,WOODLAND MIDDLE SCHOOL,8,31.0,33.0,437,202.0
575,WOODLAND MIDDLE SCHOOL,9,6.0,33.0,437,202.0
576,WOODLAND MIDDLE SCHOOL,10,6.0,33.0,437,202.0
577,WOODLAND MIDDLE SCHOOL,11,6.0,25.0,437,202.0
578,WOODLAND MIDDLE SCHOOL,12,6.0,25.0,437,202.0
579,VENICE ELEMENTARY SCHOOL,1,33.0,0.0,197,3128.0
580,VENICE ELEMENTARY SCHOOL,2,33.0,0.0,197,3128.0
581,VENICE ELEMENTARY SCHOOL,3,29.0,30.0,197,3128.0
582,VENICE ELEMENTARY SCHOOL,4,52.0,70.0,197,3128.0
583,VENICE ELEMENTARY SCHOOL,5,52.0,71.0,197,3128.0
584,VENICE ELEMENTARY SCHOOL,6,52.0,71.0,197,3128.0
585,VENICE ELEMENTARY SCHOOL,7,52.0,71.0,197,3128.0
586,VENICE ELEMENTARY SCHOOL,8,52.0,71.0,197,3128.0
587,VENICE ELEMENTARY SCHOOL,9,52.0,71.0,197,3128.0
588,VENICE ELEMENTARY SCHOOL,10,54.0,71.0,197,3128.0
589,VENICE ELEMENTARY SCHOOL,11,54.0,71.0,197,3128.0
590,VENICE ELEMENTARY SCHOOL,12,54.0,71.0,197,3128.0
591,STUDENT LEADERSHIP ACADEMY,1,0.0,0.0,1,0.0
592,STUDENT LEADERSHIP ACADEMY,2,0.0,0.0,1,0.0
593,STUDENT LEADERSHIP ACADEMY,3,0.0,0.0,1,0.0
594,STUDENT LEADERSHIP ACADEMY,4,0.0,0.0,1,0.0
595,STUDENT LEADERSHIP ACADEMY,5,0.0,0.0,1,0.0
596,STUDENT LEADERSHIP ACADEMY,6,0.0,0.0,1,0.0
597,STUDENT LEADERSHIP ACADEMY,7,0.0,0.0,1,0.0
598,STUDENT LEADERSHIP ACADEMY,8,0.0,0.0,1,0.0
599,STUDENT LEADERSHIP ACADEMY,9,0.0,0.0,1,0.0
600,STUDENT LEADERSHIP ACADEMY,10,0.0,0.0,1,0.0
601,STUDENT LEADERSHIP ACADEMY,11,0.0,0.0,1,0.0
602,STUDENT LEADERSHIP ACADEMY,12,0.0,0.0,1,0.0
603,SARASOTA MIDDLE SCHOOL,1,0.0,0.0,12,26.0
604,SARASOTA MIDDLE SCHOOL,2,0.0,0.0,12,26.0
605,SARASOTA MIDDLE SCHOOL,3,67.0,0.0,12,26.0
606,SARASOTA MIDDLE SCHOOL,4,75.0,inf,12,26.0
607,SARASOTA MIDDLE SCHOOL,5,75.0,200.0,12,26.0
608,SARASOTA MIDDLE SCHOOL,6,75.0,200.0,12,26.0
609,SARASOTA MIDDLE SCHOOL,7,75.0,200.0,12,26.0
610,SARASOTA MIDDLE SCHOOL,8,50.0,200.0,12,26.0
611,SARASOTA MIDDLE SCHOOL,9,43.0,67.0,12,26.0
612,SARASOTA MIDDLE SCHOOL,10,43.0,67.0,12,26.0
613,SARASOTA MIDDLE SCHOOL,11,57.0,67.0,12,26.0
614,SARASOTA MIDDLE SCHOOL,12,57.0,0.0,12,26.0
615,SARASOTA MILITARY ACADEMY,1,0.0,0.0,3,0.0
616,SARASOTA MILITARY ACADEMY,2,0.0,0.0,3,0.0
617,SARASOTA MILITARY ACADEMY,3,0.0,0.0,3,0.0
618,SARASOTA MILITARY ACADEMY,4,0.0,0.0,3,0.0
619,SARASOTA MILITARY ACADEMY,5,0.0,0.0,3,0.0
620,SARASOTA MILITARY ACADEMY,6,0.0,0.0,3,0.0
621,SARASOTA MILITARY ACADEMY,7,0.0,0.0,3,0.0
622,SARASOTA MILITARY ACADEMY,8,0.0,0.0,3,0.0
623,SARASOTA MILITARY ACADEMY,9,0.0,0.0,3,0.0
624,SARASOTA MILITARY ACADEMY,10,0.0,0.0,3,0.0
625,SARASOTA MILITARY ACADEMY,11,0.0,0.0,3,0.0
626,SARASOTA MILITARY ACADEMY,12,0.0,0.0,3,0.0
627,BAY HAVEN SCHOOL OF BASICS PLUS,1,0.0,0.0,44,1142.0
628,BAY HAVEN SCHOOL OF BASICS PLUS,1,0.0,0.0,44,1142.0
629,BAY HAVEN SCHOOL OF BASICS PLUS,2,0.0,0.0,44,1142.0
630,BAY HAVEN SCHOOL OF BASICS PLUS,3,25.0,0.0,44,1142.0
631,BAY HAVEN SCHOOL OF BASICS PLUS,4,38.0,38.0,44,1142.0
632,BAY HAVEN SCHOOL OF BASICS PLUS,5,38.0,38.0,44,1142.0
633,BAY HAVEN SCHOOL OF BASICS PLUS,6,38.0,38.0,44,1142.0
634,BAY HAVEN SCHOOL OF BASICS PLUS,7,38.0,0.0,44,1142.0
635,BAY HAVEN SCHOOL OF BASICS PLUS,8,38.0,39.0,44,1142.0
636,BAY HAVEN SCHOOL OF BASICS PLUS,9,33.0,39.0,44,1142.0
637,BAY HAVEN SCHOOL OF BASICS PLUS,10,44.0,39.0,44,1142.0
638,BAY HAVEN SCHOOL OF BASICS PLUS,11,44.0,39.0,44,1142.0
639,BAY HAVEN SCHOOL OF BASICS PLUS,12,44.0,39.0,44,1142.0
